Nombre Archivo,Correo,Primer Nombre,Primer Apellido,Telefono
HistoricoPagosAfiliado_CC94514703_202310.pdf,wilbocanegra@gmail.comn,WILFREDO,MARTINEZ,3154672664
HistoricoPagosAfiliado_CC94537793_202310.pdf,jonny.alarcong@gmail.com,JONNY,ALARCON,3226209131
HistoricoPagosAfiliado_CC1034283211_202310.pdf,jeanlalinde@gmail.com,JEAN,LALINDE,3218403046
HistoricoPagosAfiliado_CC1107518873_202310.pdf,camilocastrillon10@gmail.com,CAMILO,CASTRILLON,3107282535
HistoricoPagosAfiliado_CC1130637513_202310.pdf,andrea.lond@hotmail.com,HERMINIA,ALVARADO,3153330410
HistoricoPagosAfiliado_CC12127358_202310.pdf,dianabandrade63@gmail.com,HECTOR,ALVAREZ,3124568025
HistoricoPagosAfiliado_CC31952188_202310.pdf,carlinauy@hotmail.com,ROSALBINA,ALMENDRA,316511631
HistoricoPagosAfiliado_CC38596006_202310.pdf,iecidecalina@gmail.com,MARIA,AGUILAR,3206159094
HistoricoPagosAfiliado_CC94369810_202310.pdf,andyzcali@hotmail.com,ANDRES,ZOTA,3217195395
