nombre_archivo,email,primer_nombre,primer_apellido,numero_celular
94514703_WILFREDO_MARTINEZ.pdf,Wilbocanegra@gmail.comn,WILFREDO,MARTINEZ,3154672664
94537793_JONNY_ALARCON.pdf,jonny.alarcong@gmail.com,JONNY,ALARCON,3226209131
1034283211_JEAN_LALINDE.pdf,jeanlalinde@gmail.com,JEAN,LALINDE,3218403046
1107518873_CAMILO_CASTRILLON.pdf,camilocastrillon10@gmail.com,CAMILO,CASTRILLON,3107282535
1130637513_HERMINIA_ALVARADO.pdf,andrea.lond@hotmail.com,HERMINIA,ALVARADO,3153330410
12127358_HECTOR_ALVAREZ.pdf,dianabandrade63@gmail.com,HECTOR,ALVAREZ,3124568025
31952188_ROSALBINA_ALMENDRA.pdf,carlinauy@hotmail.com,ROSALBINA,ALMENDRA,316511631
38596006_MARIA_AGUILAR.pdf,iecidecalina@gmail.com,MARIA,AGUILAR,3206159094
94369810_ANDRES_ZOTA.pdf,andyzcali@hotmail.com,ANDRES,ZOTA,3217195395
